trial,length,left_percent,middle_percent,right_percent,correct,actual_handedness
1,26,0.0,26.923076923076923,73.07692307692307,yes,right
2,28,0.0,21.428571428571427,78.57142857142857,yes,right
3,40,0.0,0.0,100.0,yes,right
4,24,0.0,41.66666666666667,58.333333333333336,yes,right
