trial,length,left_percent,middle_percent,right_percent,correct,actual_handedness
1,31,6.451612903225806,35.483870967741936,58.06451612903226,yes,right
2,24,41.66666666666667,25.0,33.33333333333333,no,right
3,27,18.51851851851852,37.03703703703704,44.44444444444444,yes,right
4,22,27.27272727272727,72.72727272727273,0.0,no,right
