trial,length,left_percent,middle_percent,right_percent,correct,actual_handedness
1,27,0.0,3.7037037037037033,96.29629629629629,yes,right
2,16,0.0,6.25,93.75,yes,right
3,1,0.0,0.0,100.0,yes,right
4,30,13.333333333333334,40.0,46.666666666666664,yes,right
