1,35,0.0,0.0,100.0,yes,right,Ryan
2,17,100.0,0.0,0.0,no,right,Ryan
3,12,16.666666666666664,41.66666666666667,41.66666666666667,yes,right,Ryan
4,10,40.0,60.0,0.0,no,right,Ryan
