trial,length,left_percent,middle_percent,right_percent
1,28,0.0,100.0,0.0
2,38,15.789473684210526,50.0,34.21052631578947
3,31,0.0,9.67741935483871,90.32258064516128
4,25,0.0,32.0,68.0
Total,122,4.918032786885246,47.540983606557376,47.540983606557376
Generated Data,123,7.317073170731707,45.52845528455284,47.15447154471545
