trial,length,left_percent,middle_percent,right_percent,correct
1,23,4.3478260869565215,52.17391304347826,43.47826086956522,no
2,21,0.0,19.047619047619047,80.95238095238095,yes
3,12,0.0,0.0,100.0,yes
4,24,70.83333333333334,29.166666666666668,0.0,no
Total,80,22.5,28.749999999999996,48.75,yes
Generated Data,80,26.25,22.5,51.24999999999999,yes
