trial,length,left_percent,middle_percent,right_percent,correct,actual_handedness
1,19,0.0,78.94736842105263,21.052631578947366,no,right
2,31,0.0,38.70967741935484,61.29032258064516,yes,right
3,19,47.368421052631575,10.526315789473683,42.10526315789473,no,right
4,31,51.61290322580645,48.38709677419355,0.0,no,right
